analysis,target,feature_set,validation,model,MAE_mean,MAE_std,RMSE_mean,RMSE_std,R2_mean,R2_std,n_train,n_test,mean_baseline_MAE,MAE_improvement_vs_mean_baseline,MAE_improvement_pct,scenario_A_best_mean_baseline_MAE
Scenario A: Known-patient monitoring,motor_UPDRS,D1_PCA_jitter_shimmer_demo_time_patient,within_subject_temporal_holdout,RandomForest_PCA,1.9041349897048327,,2.647478516177564,,0.8976127415668518,,4095.0,1780.0,6.8941900709964195,4.990055081291587,72.38058466482593,6.8941900709964195
Scenario A: Known-patient monitoring,motor_UPDRS,D1_voice16_demo_time_patient,within_subject_temporal_holdout,RandomForest,1.9093479490146241,,2.656767472030874,,0.8968930082935789,,4095.0,1780.0,6.8941900709964195,4.984842121981796,72.30497086166548,6.8941900709964195
Scenario A: Known-patient monitoring,total_UPDRS,D1_PCA_jitter_shimmer_demo_time_patient,within_subject_temporal_holdout,RandomForest_PCA,1.9599493367888363,,2.718076872934174,,0.9380256230012963,,4095.0,1780.0,8.704054193041665,6.744104856252829,77.48233991516629,8.704054193041665
Scenario A: Known-patient monitoring,total_UPDRS,D1_voice16_demo_time_patient,within_subject_temporal_holdout,RandomForest,1.9907641101941025,,2.7600293342483226,,0.9360977581182596,,4095.0,1780.0,8.704054193041665,6.713290082847563,77.1283120940861,8.704054193041665
Scenario A2: Change-from-baseline monitoring,delta_motor_UPDRS,D1_delta_baseline_voice_demo_time,within_subject_temporal_holdout,RandomForest,2.004287193107917,,2.7196195101749554,,0.7295245069697226,,4095.0,1780.0,4.159619876226146,2.155332683118229,51.81561650469069,
Scenario A: Known-patient monitoring,motor_UPDRS,D1_voice16_demo_time,within_subject_temporal_holdout,RandomForest,2.2053620277777775,,3.172367573228408,,0.8529896101708258,,4095.0,1780.0,6.8941900709964195,4.688828043218642,68.0112963949798,6.8941900709964195
Scenario A2: Change-from-baseline monitoring,delta_total_UPDRS,D1_delta_baseline_voice_demo_time,within_subject_temporal_holdout,RandomForest,2.37810409641108,,3.187393299636529,,0.7298236366222165,,4095.0,1780.0,5.056285008643043,2.6781809122319626,52.96736453055892,
Scenario A: Known-patient monitoring,total_UPDRS,D1_voice16_demo_time,within_subject_temporal_holdout,RandomForest,2.6901631383911346,,3.867650498105331,,0.8745175056699059,,4095.0,1780.0,8.704054193041665,6.01389105465053,69.09298725941127,8.704054193041665
Scenario A2: Change-from-baseline monitoring,delta_motor_UPDRS,D1_delta_baseline_voice_demo_time,within_subject_temporal_holdout,ElasticNet_Robust,3.7603120458017965,,4.807168521383985,,0.154934602482379,,4095.0,1780.0,4.159619876226146,0.3993078304243496,9.599623097931376,
Scenario A2: Change-from-baseline monitoring,delta_motor_UPDRS,D1_delta_baseline_voice_demo_time,within_subject_temporal_holdout,Ridge_Robust,3.7709337102805334,,4.820103413208423,,0.15038076355575491,,4095.0,1780.0,4.159619876226146,0.38868616594561267,9.344271291881888,
Scenario A2: Change-from-baseline monitoring,delta_total_UPDRS,D1_delta_baseline_voice_demo_time,within_subject_temporal_holdout,ElasticNet_Robust,4.47306336522511,,5.805151570805407,,0.10380365568622463,,4095.0,1780.0,5.056285008643043,0.5832216434179323,11.534587991400661,
Scenario A2: Change-from-baseline monitoring,delta_total_UPDRS,D1_delta_baseline_voice_demo_time,within_subject_temporal_holdout,Ridge_Robust,4.48993910149967,,5.821956812514728,,0.09860737592267654,,4095.0,1780.0,5.056285008643043,0.566345907143373,11.200830375963388,
Scenario B: New-patient generalisation,motor_UPDRS,D1_PCA_jitter_shimmer_demo_time,GroupKFold_5,ElasticNet_Robust_PCA,7.317327638339951,0.9049379906832062,8.609113207627026,0.581753204757696,-0.29372602581697327,0.4133413334424802,4700.0,1175.0,7.130752073502987,-0.18657556483696425,-2.6164921022882917,
Scenario B: New-patient generalisation,motor_UPDRS,D1_PCA_jitter_shimmer_demo_time,GroupKFold_5,Ridge_Robust_PCA,7.344575121279396,0.8923895828434903,8.648682289354516,0.5919403771271694,-0.3073776163275783,0.42677772757780386,4700.0,1175.0,7.130752073502987,-0.21382304777640915,-2.9986044329173884,
Scenario B: New-patient generalisation,motor_UPDRS,D1_voice16_demo_time,GroupKFold_5,ElasticNet_Robust,7.382663798896056,0.7253895710738979,8.77198155425659,0.37921879686418186,-0.34193385673186527,0.40436212260790416,4700.0,1175.0,7.130752073502987,-0.25191172539306894,-3.532751143166826,
Scenario B: New-patient generalisation,total_UPDRS,D1_PCA_jitter_shimmer_demo_time,GroupKFold_5,ElasticNet_Robust_PCA,9.016023016765056,0.958469268476774,10.965650337087746,1.0832764707598204,-0.19373106707103102,0.3378026020560478,4700.0,1175.0,8.811115016674156,-0.20490800009089938,-2.325562652435378,
Scenario B: New-patient generalisation,total_UPDRS,D1_PCA_jitter_shimmer_demo_time,GroupKFold_5,Ridge_Robust_PCA,9.050423242636297,0.9318775624487937,11.009786502656935,1.0816889052434275,-0.20494910916434814,0.348800933538167,4700.0,1175.0,8.811115016674156,-0.23930822596214085,-2.7159811840984247,
Exploratory: merged within-source standardised features,UPDRS_target,Merged_within_source_z_source,GroupKFold_5,ElasticNet_Robust,9.247275793798046,1.4968751522584005,11.365740790507365,1.4568662614077623,-0.12525239118894654,0.11646440860945291,5116.0,1279.0,9.116293757740454,-0.13098203605759196,-1.4367904275394576,
Exploratory: merged harmonised shared features,UPDRS_target,Merged_shared11_source,GroupKFold_5,ElasticNet_Robust,9.251304221622345,1.5526507967568144,11.390209347400411,1.5275183679789912,-0.13000623556134286,0.13313207000044963,5116.0,1279.0,9.116293757740454,-0.13501046388189053,-1.4809797431906577,
Exploratory: merged harmonised shared features,UPDRS_target,Merged_shared11_source,GroupKFold_5,Ridge_Robust,9.258821345615711,1.5750273520213345,11.389129704982219,1.5659487995705217,-0.12928867412281403,0.13524577362813506,5116.0,1279.0,9.116293757740454,-0.1425275878752572,-1.5634378582221533,
Exploratory: merged within-source standardised features,UPDRS_target,Merged_within_source_z_source,GroupKFold_5,Ridge_Robust,9.259512912705825,1.4903507364194097,11.386695665249096,1.4529230855641306,-0.12952973830883555,0.11618358384461747,5116.0,1279.0,9.116293757740454,-0.14321915496537052,-1.5710239135697677,
Scenario B: New-patient generalisation,total_UPDRS,D1_voice16_demo_time,GroupKFold_5,ElasticNet_Robust,9.293364068260715,0.8040753911413258,11.183321284620023,1.1210858593320832,-0.24208381256250827,0.3607031116126647,4700.0,1175.0,8.811115016674156,-0.4822490515865585,-5.473189836631916,
Exploratory: merged within-source standardised features,UPDRS_target,Merged_within_source_z_source,GroupKFold_5,RandomForest,10.123056214926862,0.9015571120616982,12.451980243105066,1.0532712238794952,-0.35947709260790794,0.1184818542010002,5116.0,1279.0,9.116293757740454,-1.006762457186408,-11.0435499770023,
Exploratory: merged harmonised shared features,UPDRS_target,Merged_shared11_source,GroupKFold_5,RandomForest,10.18347429466761,0.9441535686362313,12.531525982376165,1.0411763569355905,-0.37785519220178865,0.12948568956916665,5116.0,1279.0,9.116293757740454,-1.0671805369271556,-11.706298253289994,
Supplementary: Dataset 2 subject-level aggregation,UPDRS_score,D2_full26_mean_std_median,LeaveOneOut_subject_level,RandomForest,14.580134920634922,11.242589912181764,18.238869779696724,,-0.5343928544314316,,19.0,1.0,12.947368421052634,-1.6327664995822886,-12.610798167505479,
Supplementary: Dataset 2 PD-only row-level,UPDRS_score,D2_full26,GroupKFold_5,RandomForest,15.34410516798017,4.795681781763052,18.170220753667415,4.838254963383,-1.8165932468014205,1.7160939342130457,416.0,104.0,13.46875,-1.8753551679801692,-13.923750667138147,
Supplementary: Dataset 2 PD-only row-level,UPDRS_score,D2_full26,GroupKFold_5,ElasticNet_Robust,15.629350927399335,4.290510375901888,18.26238613839383,4.383222035750132,-1.8151795234345152,1.5969211805583112,416.0,104.0,13.46875,-2.1606009273993347,-16.041584611781605,
Supplementary: Dataset 2 PD-only row-level,UPDRS_score,D2_full26,GroupKFold_5,Ridge_Robust,15.816331837622045,4.162412215568831,18.520478767162825,4.241500036009849,-1.8858131548202515,1.5815390351703906,416.0,104.0,13.46875,-2.3475818376220445,-17.42984194986205,
Supplementary: Dataset 2 subject-level aggregation,UPDRS_score,D2_full26_mean_std_median,LeaveOneOut_subject_level,Ridge_Robust,22.582116368131206,17.991066443742078,28.591021805066788,,-2.770509814842272,,19.0,1.0,12.947368421052634,-9.634747947078573,-74.41471991646051,
Supplementary: Dataset 2 subject-level aggregation,UPDRS_score,D2_full26_mean_std_median,LeaveOneOut_subject_level,ElasticNet_Robust,23.067692014888145,18.673982642141976,29.38367167708629,,-2.9824730683893126,,19.0,1.0,12.947368421052634,-10.120323593835511,-78.16510092799784,
